id,first_name,last_name,email
1,Cad,Buggs,cbuggs0@admin.ch
2,Giovanni,Farfolomeev,gfarfolomeev1@mlb.com
3,Oralee,Coupman,ocoupman2@w3.org
4,Daren,Lambot,dlambot3@blogtalkradio.com
5,Norman,Perfili,nperfili4@so-net.ne.jp
6,Silvana,Diaper,sdiaper5@slate.com
7,Valentina,Dunlop,vdunlop6@squidoo.com
8,Camile,Moyes,cmoyes7@dot.gov
9,Kippie,Gilhespy,kgilhespy8@europa.eu
10,Wang,Hobell,whobell9@techcrunch.com
11,Hobart,Pink,hpinka@mysql.com
12,Deck,Hardington,dhardingtonb@csmonitor.com
13,Guillema,Bryan,gbryanc@un.org
14,Lois,Wilby,lwilbyd@reddit.com
15,Nelson,Fliege,nfliegee@angelfire.com
16,Skylar,Jozwiak,sjozwiakf@ucsd.edu
17,Brooke,Reihill,breihillg@myspace.com
18,Calli,Cheak,ccheakh@gmpg.org
19,Neila,Copner,ncopneri@pagesperso-orange.fr
20,Maris,Hughes,mhughesj@feedburner.com
21,Robbert,Ellif,rellifk@merriam-webster.com
22,Shae,July,sjulyl@wired.com
23,Jeni,Whye,jwhyem@dailymotion.com
24,Leeland,Lince,llincen@europa.eu
25,Stevy,Duffil,sduffilo@4shared.com
26,Symon,Hoppner,shoppnerp@wufoo.com
27,Cassie,Jessup,cjessupq@mlb.com
28,Lisle,Plunkett,lplunkettr@yahoo.com
29,Babbie,Freeth,bfreeths@cmu.edu
30,Fionnula,Earley,fearleyt@photobucket.com
31,Yehudi,Jewett,yjewettu@ow.ly
32,Burton,O'Doogan,bodooganv@gnu.org
33,Harley,Tout,htoutw@addtoany.com
34,Luella,Hanley,lhanleyx@arizona.edu
35,Tuesday,Jeaneau,tjeaneauy@ovh.net
36,Timmi,Eaddy,teaddyz@msu.edu
37,Sephira,Edwardes,sedwardes10@bloglines.com
38,Claudine,Woodruffe,cwoodruffe11@ezinearticles.com
39,Cinda,Kenford,ckenford12@ihg.com
40,Carmen,Frankham,cfrankham13@acquirethisname.com
41,Sasha,Totton,stotton14@smh.com.au
42,Mercy,Tierney,mtierney15@icq.com
43,Kimberlee,Lawn,klawn16@vinaora.com
44,Lonnard,Symcock,lsymcock17@marriott.com
45,Salem,Lawless,slawless18@bbb.org
46,Bartholemy,Kaemena,bkaemena19@photobucket.com
47,Rab,Jacop,rjacop1a@jugem.jp
48,Daveen,Gieves,dgieves1b@weibo.com
49,Lucien,Hambrook,lhambrook1c@vkontakte.ru
50,Shandie,Murford,smurford1d@admin.ch
51,Floria,Duxfield,fduxfield1e@ucoz.ru
52,Dell,Goshawke,dgoshawke1f@icq.com
53,Yard,Fawlo,yfawlo1g@devhub.com
54,Freeman,Ellit,fellit1h@psu.edu
55,Dalt,Sugge,dsugge1i@tuttocitta.it
56,Amber,Gautrey,agautrey1j@storify.com
57,Wilona,Lodovichi,wlodovichi1k@tuttocitta.it
58,Chan,Sowersby,csowersby1l@etsy.com
59,Malory,Clemmen,mclemmen1m@github.com
60,Giovanni,Garmon,ggarmon1n@businessinsider.com
61,Bucky,Spurman,bspurman1o@tumblr.com
62,Carmita,Allewell,callewell1p@admin.ch
63,Dione,Halson,dhalson1q@is.gd
64,Karlee,Ogle,kogle1r@state.tx.us
65,Ethan,Carous,ecarous1s@constantcontact.com
66,Jere,Gwillym,jgwillym1t@mozilla.com
67,Shirl,Saffen,ssaffen1u@wikipedia.org
68,Leesa,Blastock,lblastock1v@cmu.edu
69,Rosetta,Bonnett,rbonnett1w@issuu.com
70,Jasmine,Dragon,jdragon1x@google.co.uk
71,Gloriane,McTurley,gmcturley1y@answers.com
72,Hashim,Crookall,hcrookall1z@comcast.net
73,Ermanno,Ruselin,eruselin20@shutterfly.com
74,Quintus,Dolton,qdolton21@ft.com
75,Hedda,Oliveti,holiveti22@jiathis.com
76,Gaby,Josofovitz,gjosofovitz23@theatlantic.com
77,Carlos,Goodsir,cgoodsir24@jimdo.com
78,Celestia,Cranton,ccranton25@exblog.jp
79,Man,Gavahan,mgavahan26@cargocollective.com
80,Lotty,Zima,lzima27@themeforest.net
81,Darnell,Brearley,dbrearley28@sina.com.cn
82,Haywood,Houseman,hhouseman29@jalbum.net
83,Dion,Downing,ddowning2a@shutterfly.com
84,Mariellen,Edon,medon2b@opera.com
85,Karalee,Alennikov,kalennikov2c@zimbio.com
86,Babita,Vanne,bvanne2d@mapquest.com
87,Alex,Robardley,arobardley2e@blogger.com
88,Art,Lundy,alundy2f@hugedomains.com
89,Georas,Batkin,gbatkin2g@sitemeter.com
90,Melloney,Grahl,mgrahl2h@harvard.edu
91,Leora,Taffley,ltaffley2i@theguardian.com
92,Lavinia,Bedells,lbedells2j@harvard.edu
93,Cosimo,De Ambrosis,cdeambrosis2k@fda.gov
94,Monroe,Pheasey,mpheasey2l@msu.edu
95,Garvy,Neeson,gneeson2m@nps.gov
96,Godwin,Bigby,gbigby2n@timesonline.co.uk
97,Haley,Cressar,hcressar2o@npr.org
98,Oralee,Bunney,obunney2p@sourceforge.net
99,Allie,Francescone,afrancescone2q@deviantart.com
100,Merilyn,Coldwell,mcoldwell2r@home.pl
101,Haley,Orgill,horgill2s@amazon.de
102,Nikolia,Klaff,nklaff2t@unblog.fr
103,Dorthea,Picard,dpicard2u@wikipedia.org
104,Kimbell,Morling,kmorling2v@elegantthemes.com
105,Ally,Dobeson,adobeson2w@ameblo.jp
106,Andriette,Gages,agages2x@blogtalkradio.com
107,Harp,Cay,hcay2y@printfriendly.com
108,Seamus,Shawcross,sshawcross2z@tripod.com
109,Blinny,Southcombe,bsouthcombe30@chicagotribune.com
110,Wilfrid,Ball,wball31@va.gov
111,Gaye,Weond,gweond32@barnesandnoble.com
112,Rozelle,Livezley,rlivezley33@webmd.com
113,Addy,McCool,amccool34@163.com
114,Kathryn,Lies,klies35@edublogs.org
115,Elias,Winear,ewinear36@va.gov
116,Bondy,Vigours,bvigours37@cdbaby.com
117,Pier,Grimwad,pgrimwad38@google.de
118,Reade,Mityashin,rmityashin39@discovery.com
119,Justis,Klehyn,jklehyn3a@cbsnews.com
120,Den,Hrinchenko,dhrinchenko3b@eepurl.com
121,Brandy,Greenleaf,bgreenleaf3c@ning.com
122,Orton,Crossgrove,ocrossgrove3d@imdb.com
123,Etheline,Dysert,edysert3e@cmu.edu
124,Renaldo,Daid,rdaid3f@rakuten.co.jp
125,Ulrick,Line,uline3g@phpbb.com
126,Jemie,Holston,jholston3h@discuz.net
127,Leshia,Northidge,lnorthidge3i@github.com
128,Andrei,Vaneschi,avaneschi3j@ow.ly
129,Archy,Redwall,aredwall3k@networkadvertising.org
130,Brennen,Kettow,bkettow3l@opensource.org
131,Stormi,Anthoney,santhoney3m@live.com
132,Erinn,Trevaskis,etrevaskis3n@people.com.cn
133,Cortney,Wormell,cwormell3o@slate.com
134,Brendan,Niccols,bniccols3p@webs.com
135,Cherri,Crepin,ccrepin3q@paypal.com
136,Harris,Dunkinson,hdunkinson3r@live.com
137,Salomo,Bradane,sbradane3s@arizona.edu
138,Sauncho,Pennazzi,spennazzi3t@redcross.org
139,Paule,Spalls,pspalls3u@etsy.com
140,Henka,Ewart,hewart3v@bigcartel.com
141,Amity,Norton,anorton3w@marriott.com
142,Cheri,Crates,ccrates3x@freewebs.com
143,Jessi,Amyes,jamyes3y@yellowbook.com
144,Jandy,Alpin,jalpin3z@so-net.ne.jp
145,Omar,Pentecost,opentecost40@usa.gov
146,Christina,Blesdill,cblesdill41@skyrock.com
147,Tommi,Deme,tdeme42@time.com
148,Jacquenette,Rathborne,jrathborne43@netvibes.com
149,Orsa,Walstow,owalstow44@ezinearticles.com
150,Josefa,Marking,jmarking45@unesco.org
151,Constancy,Suarez,csuarez46@pinterest.com
152,Clarance,Gilhespy,cgilhespy47@icio.us
153,Morganica,Kohnemann,mkohnemann48@nasa.gov
154,Franky,Danat,fdanat49@shinystat.com
155,Syman,Gillease,sgillease4a@thetimes.co.uk
156,Darnell,Menure,dmenure4b@ihg.com
157,Golda,Pereira,gpereira4c@mayoclinic.com
158,Zelma,Balsom,zbalsom4d@fastcompany.com
159,Packston,Iacoboni,piacoboni4e@theguardian.com
160,Meryl,Barlace,mbarlace4f@flickr.com
161,Henrik,O'Dyvoie,hodyvoie4g@washingtonpost.com
162,Isabelle,Bront,ibront4h@google.de
163,Ezri,Millmoe,emillmoe4i@linkedin.com
164,Dominic,Thurling,dthurling4j@cornell.edu
165,Dene,Andrat,dandrat4k@comsenz.com
166,Lorinda,Pattinson,lpattinson4l@oakley.com
167,Vania,Cornell,vcornell4m@mediafire.com
168,Agnesse,Jovicic,ajovicic4n@hc360.com
169,Silva,Yersin,syersin4o@mysql.com
170,Adoree,Roke,aroke4p@opensource.org
171,Sabra,Jenkin,sjenkin4q@noaa.gov
172,Georgiana,Shrimpling,gshrimpling4r@1und1.de
173,Leigha,Spurdon,lspurdon4s@aol.com
174,Shaun,Colafate,scolafate4t@nasa.gov
175,Jobey,Heims,jheims4u@alexa.com
176,Noach,Weine,nweine4v@google.nl
177,Audre,Kyngdon,akyngdon4w@goo.ne.jp
178,Jorie,Tuohy,jtuohy4x@accuweather.com
179,York,de Amaya,ydeamaya4y@google.ru
180,Janna,Dahlman,jdahlman4z@lycos.com
181,Dasie,Ensley,densley50@blogtalkradio.com
182,Tabbie,Drewett,tdrewett51@sina.com.cn
183,Karry,Koppke,kkoppke52@abc.net.au
184,Carce,Perone,cperone53@census.gov
185,Odette,Crosfield,ocrosfield54@lulu.com
186,Dunc,McEvon,dmcevon55@yelp.com
187,Davy,Stuchberry,dstuchberry56@blog.com
188,Shaun,Sellar,ssellar57@sun.com
189,Michal,Arnatt,marnatt58@yahoo.com
190,Cletis,Pettingall,cpettingall59@google.cn
191,Elyn,Dimmack,edimmack5a@toplist.cz
192,Dewitt,Olenov,dolenov5b@cam.ac.uk
193,Magdalena,Pottes,mpottes5c@fema.gov
194,Manny,Deary,mdeary5d@nhs.uk
195,Jammal,Hardaway,jhardaway5e@google.it
196,Mervin,Leather,mleather5f@merriam-webster.com
197,Elyn,Khotler,ekhotler5g@woothemes.com
198,Bellanca,Darko,bdarko5h@stumbleupon.com
199,Alford,Atto,aatto5i@cdc.gov
200,Aland,Monelle,amonelle5j@huffingtonpost.com
201,Case,Yare,cyare5k@acquirethisname.com
202,Radcliffe,Denyukhin,rdenyukhin5l@ebay.com
203,Casie,Weben,cweben5m@netlog.com
204,Melody,Yitzhok,myitzhok5n@reference.com
205,Donall,Lamberti,dlamberti5o@nydailynews.com
206,Ash,Folbige,afolbige5p@bluehost.com
207,Marve,Gulley,mgulley5q@tinypic.com
208,Cecilius,Faulconer,cfaulconer5r@usda.gov
209,Shaughn,Mundee,smundee5s@bizjournals.com
210,Kimmie,Hulme,khulme5t@apple.com
211,Molly,Dunlap,mdunlap5u@prweb.com
212,Connor,Frift,cfrift5v@blogspot.com
213,Talyah,Rolph,trolph5w@jugem.jp
214,Delmar,Werner,dwerner5x@latimes.com
215,Junina,Corbridge,jcorbridge5y@hexun.com
216,Jacinthe,Haensel,jhaensel5z@msn.com
217,Walden,Zavattiero,wzavattiero60@deviantart.com
218,Conchita,Skitteral,cskitteral61@jiathis.com
219,Angeli,Brimley,abrimley62@mail.ru
220,Ludovico,Tunnicliffe,ltunnicliffe63@privacy.gov.au
221,Yancy,Stiell,ystiell64@tmall.com
222,Wood,Kingwell,wkingwell65@google.cn
223,Jamil,Prettyjohn,jprettyjohn66@about.com
224,Ingaborg,Bulbeck,ibulbeck67@wisc.edu
225,Morgana,Aisman,maisman68@bravesites.com
226,Garrik,Scarlon,gscarlon69@ustream.tv
227,Mata,Mingotti,mmingotti6a@samsung.com
228,Issy,Cardno,icardno6b@mashable.com
229,Adolphe,Dupoy,adupoy6c@virginia.edu
230,Gaelan,Lafayette,glafayette6d@microsoft.com
231,Dun,Mabon,dmabon6e@tamu.edu
232,Clementius,Hitzke,chitzke6f@acquirethisname.com
233,Carleton,Augur,caugur6g@google.nl
234,Vlad,Ordidge,vordidge6h@friendfeed.com
235,Cleo,Denys,cdenys6i@comsenz.com
236,Patsy,Charer,pcharer6j@angelfire.com
237,Saunders,Jewell,sjewell6k@posterous.com
238,Matty,Jakubski,mjakubski6l@symantec.com
239,Guy,Habbema,ghabbema6m@java.com
240,Van,Warbeys,vwarbeys6n@phpbb.com
241,Andros,Barfitt,abarfitt6o@1und1.de
242,Reba,Morstatt,rmorstatt6p@opensource.org
243,Shawna,Mordey,smordey6q@slideshare.net
244,Adi,Rudkin,arudkin6r@psu.edu
245,Natividad,Carney,ncarney6s@fotki.com
246,Myrtia,Itzhaiek,mitzhaiek6t@meetup.com
247,Drona,McKeggie,dmckeggie6u@bravesites.com
248,Killy,Jeckell,kjeckell6v@youku.com
249,Silvie,Domange,sdomange6w@stumbleupon.com
250,Carce,Riste,criste6x@bloomberg.com
251,Baillie,Smillie,bsmillie6y@columbia.edu
252,Rudolf,McGarrie,rmcgarrie6z@columbia.edu
253,Ban,McAlpine,bmcalpine70@seesaa.net
254,Carita,Heazel,cheazel71@nydailynews.com
255,Babara,Lammerding,blammerding72@eventbrite.com
256,Jerad,Nusche,jnusche73@narod.ru
257,Helge,Kunes,hkunes74@github.io
258,Wilmette,Boxhall,wboxhall75@usnews.com
259,Camila,Malacrida,cmalacrida76@slashdot.org
260,Carine,Manach,cmanach77@tiny.cc
261,Luci,Mahy,lmahy78@cnet.com
262,Aeriela,McNysche,amcnysche79@free.fr
263,Mathilda,Klulicek,mklulicek7a@slate.com
264,Marris,Cawley,mcawley7b@stanford.edu
265,Kessia,Dagon,kdagon7c@themeforest.net
266,Bea,Vanyashin,bvanyashin7d@altervista.org
267,Sacha,Yukhnini,syukhnini7e@blinklist.com
268,Robbyn,Thornborrow,rthornborrow7f@so-net.ne.jp
269,Ethelin,Littler,elittler7g@dion.ne.jp
270,Randolph,Poser,rposer7h@craigslist.org
271,Farrand,Matsell,fmatsell7i@epa.gov
272,Tan,Dring,tdring7j@behance.net
273,Joyan,Trudgeon,jtrudgeon7k@army.mil
274,Em,Ife,eife7l@blog.com
275,Georgena,Struis,gstruis7m@paginegialle.it
276,Karia,Damato,kdamato7n@bigcartel.com
277,Corey,Butters,cbutters7o@imgur.com
278,Gordan,McCullagh,gmccullagh7p@wordpress.org
279,Page,Cabell,pcabell7q@columbia.edu
280,Andy,Cecchetelli,acecchetelli7r@nytimes.com
281,Cleveland,Bartol,cbartol7s@fastcompany.com
282,Domingo,Gainsburgh,dgainsburgh7t@jigsy.com
283,Mohammed,Keeble,mkeeble7u@soup.io
284,Colline,Gales,cgales7v@nifty.com
285,Kinnie,Di Francecshi,kdifrancecshi7w@joomla.org
286,Willy,Lelliott,wlelliott7x@histats.com
287,Lionello,Guidera,lguidera7y@about.me
288,Launce,Jorry,ljorry7z@rakuten.co.jp
289,Shandee,Cuvley,scuvley80@amazon.de
290,Jaquith,Lambotin,jlambotin81@discuz.net
291,Elvyn,Bartalini,ebartalini82@aboutads.info
292,Eudora,Bidewel,ebidewel83@odnoklassniki.ru
293,Spence,Setterfield,ssetterfield84@digg.com
294,Stavro,Serris,sserris85@chron.com
295,Seward,Jagson,sjagson86@google.fr
296,De witt,Niave,dniave87@skype.com
297,Bruce,Rockey,brockey88@phpbb.com
298,Dacey,Kaindl,dkaindl89@blogger.com
299,Kendall,Druery,kdruery8a@nifty.com
300,Junia,Balkwill,jbalkwill8b@redcross.org
301,Perice,Lardez,plardez8c@opensource.org
302,Ronnie,Burniston,rburniston8d@paginegialle.it
303,Dukie,Boreland,dboreland8e@businessinsider.com
304,Joni,Mancer,jmancer8f@opensource.org
305,Sharai,Allsobrook,sallsobrook8g@vk.com
306,Jeni,Prinnett,jprinnett8h@xrea.com
307,Lynnelle,Barehead,lbarehead8i@google.ca
308,Lola,Sanzio,lsanzio8j@imageshack.us
309,Myriam,Woollaston,mwoollaston8k@csmonitor.com
310,Yevette,Emmet,yemmet8l@ucsd.edu
311,Brunhilda,Hevner,bhevner8m@redcross.org
312,Gino,Conquer,gconquer8n@fema.gov
313,Sela,Restorick,srestorick8o@senate.gov
314,Barth,Murfin,bmurfin8p@posterous.com
315,Tedi,Szymoni,tszymoni8q@sfgate.com
316,Noni,Thebeau,nthebeau8r@telegraph.co.uk
317,Ruthanne,Autin,rautin8s@unesco.org
318,Elisha,Valance,evalance8t@nifty.com
319,Fancie,Bernhardi,fbernhardi8u@trellian.com
320,Riley,Scarratt,rscarratt8v@engadget.com
321,Barbara-anne,Benit,bbenit8w@cyberchimps.com
322,Terra,Lightman,tlightman8x@4shared.com
323,Caz,Gregoretti,cgregoretti8y@hc360.com
324,May,Willis,mwillis8z@cisco.com
325,Meredithe,Donahue,mdonahue90@bbb.org
326,Morgen,Potier,mpotier91@fotki.com
327,Boris,Bigrigg,bbigrigg92@nifty.com
328,Elisabet,Iverson,eiverson93@indiegogo.com
329,Felizio,McAster,fmcaster94@paginegialle.it
330,Ardys,Simla,asimla95@yelp.com
331,Anabella,Janota,ajanota96@mapquest.com
332,Kendra,Pynner,kpynner97@typepad.com
333,Shanta,Battershall,sbattershall98@yale.edu
334,Rachelle,Wharby,rwharby99@devhub.com
335,Corabel,De Cleyne,cdecleyne9a@sphinn.com
336,Hurley,Elderidge,helderidge9b@digg.com
337,Elsi,Dunning,edunning9c@redcross.org
338,Val,Crayker,vcrayker9d@ucoz.ru
339,Lorna,Shambrooke,lshambrooke9e@huffingtonpost.com
340,Barrie,Dun,bdun9f@jimdo.com
341,Miguel,Freeland,mfreeland9g@acquirethisname.com
342,Vanny,Silverson,vsilverson9h@goo.ne.jp
343,Mickey,Koche,mkoche9i@cbslocal.com
344,Cathleen,Coldbathe,ccoldbathe9j@google.com
345,Mimi,De Simoni,mdesimoni9k@telegraph.co.uk
346,Ree,Solesbury,rsolesbury9l@trellian.com
347,Cacilia,MacDermot,cmacdermot9m@ftc.gov
348,Halli,Been,hbeen9n@si.edu
349,Dolley,Lenahan,dlenahan9o@opensource.org
350,Sydelle,Meece,smeece9p@typepad.com
351,Morganica,Lias,mlias9q@tuttocitta.it
352,Haskell,Burstow,hburstow9r@yandex.ru
353,Kendell,Fontin,kfontin9s@vinaora.com
354,Keenan,Longmead,klongmead9t@hugedomains.com
355,Devland,Balser,dbalser9u@hc360.com
356,Nickolas,Jencey,njencey9v@wordpress.org
357,Roseann,Vossing,rvossing9w@spiegel.de
358,Dorthea,O'Coskerry,docoskerry9x@miibeian.gov.cn
359,Agretha,Dimitriades,adimitriades9y@hugedomains.com
360,Enid,Huckleby,ehuckleby9z@bravesites.com
361,Cristen,Firman,cfirmana0@vkontakte.ru
362,Brockie,Lumsdon,blumsdona1@pbs.org
363,Dayna,Hamlington,dhamlingtona2@jugem.jp
364,Gavrielle,Waskett,gwasketta3@fastcompany.com
365,Iseabal,Richardsson,irichardssona4@dedecms.com
366,Arni,Dennett,adennetta5@tiny.cc
367,Elita,Wheelwright,ewheelwrighta6@abc.net.au
368,Ethelbert,Hackin,ehackina7@123-reg.co.uk
369,Jillana,Salazar,jsalazara8@wired.com
370,Reggie,Wollen,rwollena9@xing.com
371,Marys,Biasi,mbiasiaa@w3.org
372,Lillian,Bricksey,lbrickseyab@usda.gov
373,Mariska,Lindman,mlindmanac@delicious.com
374,Gerrie,Sudron,gsudronad@psu.edu
375,Goldarina,Sidgwick,gsidgwickae@google.com.br
376,Isidro,Joincey,ijoinceyaf@jalbum.net
377,Arlina,Thame,athameag@yahoo.com
378,Michel,Roocroft,mroocroftah@yelp.com
379,Kirsteni,Morriarty,kmorriartyai@de.vu
380,Verna,Birkenshaw,vbirkenshawaj@github.com
381,Odilia,Buchan,obuchanak@foxnews.com
382,Wallas,Berry,wberryal@opensource.org
383,Josi,Skull,jskullam@shop-pro.jp
384,Myles,Laurens,mlaurensan@ifeng.com
385,Samuele,Bruford,sbrufordao@smh.com.au
386,Cosetta,Catcherside,ccatchersideap@yandex.ru
387,Jefferson,Wilkes,jwilkesaq@adobe.com
388,Alison,Caslake,acaslakear@nyu.edu
389,Elle,Fernao,efernaoas@bbb.org
390,Mort,Britch,mbritchat@ed.gov
391,Flore,Rego,fregoau@sciencedaily.com
392,Lilla,Cronshaw,lcronshawav@blogs.com
393,Dennet,Kilfether,dkilfetheraw@reuters.com
394,Gaile,Goodley,ggoodleyax@marriott.com
395,Dalila,Cooper,dcooperay@i2i.jp
396,Wendye,Rosiello,wrosielloaz@comsenz.com
397,Tim,Laverock,tlaverockb0@geocities.jp
398,Shantee,Tattershall,stattershallb1@ocn.ne.jp
399,Goldi,Degenhardt,gdegenhardtb2@indiatimes.com
400,Drucie,Grebbin,dgrebbinb3@goo.gl
401,Clayton,Furniss,cfurnissb4@fda.gov
402,Leicester,Kibby,lkibbyb5@cdbaby.com
403,Raven,Goodhall,rgoodhallb6@goo.ne.jp
404,Glendon,Looby,gloobyb7@webmd.com
405,Celeste,Wycliffe,cwycliffeb8@wunderground.com
406,Shanna,Radden,sraddenb9@si.edu
407,Sinclair,Hulls,shullsba@nydailynews.com
408,Dana,Menichillo,dmenichillobb@marriott.com
409,Ariella,Perrett,aperrettbc@census.gov
410,Estrellita,Coleborn,ecolebornbd@shareasale.com
411,Elissa,Hearfield,ehearfieldbe@statcounter.com
412,Alan,Earl,aearlbf@surveymonkey.com
413,Rea,Goter,rgoterbg@phpbb.com
414,Dona,Guichard,dguichardbh@smh.com.au
415,Adrian,Howorth,ahoworthbi@privacy.gov.au
416,Tristan,Sarsons,tsarsonsbj@bigcartel.com
417,Billie,Minshaw,bminshawbk@example.com
418,Yankee,Girdler,ygirdlerbl@about.com
419,Hagen,Stit,hstitbm@biblegateway.com
420,Amy,Temby,atembybn@yandex.ru
421,Cointon,Exton,cextonbo@shinystat.com
422,Cloe,Orr,corrbp@so-net.ne.jp
423,Orelle,Blann,oblannbq@ca.gov
424,Tanner,Hearn,thearnbr@unesco.org
425,Hendrick,Binfield,hbinfieldbs@acquirethisname.com
426,Keefe,Elintune,kelintunebt@vimeo.com
427,Rani,Midlar,rmidlarbu@google.com.hk
428,Erny,McFetrich,emcfetrichbv@bing.com
429,Alanna,Lyness,alynessbw@youtube.com
430,Mar,Siman,msimanbx@bbc.co.uk
431,Darin,Giacovazzo,dgiacovazzoby@mashable.com
432,Susan,Straine,sstrainebz@histats.com
433,Lazar,Toon,ltoonc0@mit.edu
434,Sarita,Rijkeseis,srijkeseisc1@ycombinator.com
435,Alexi,Minocchi,aminocchic2@homestead.com
436,Florinda,Hunter,fhunterc3@npr.org
437,Nikaniki,Hambleton,nhambletonc4@apache.org
438,Theda,Hudel,thudelc5@squarespace.com
439,Leonid,McKinie,lmckiniec6@cyberchimps.com
440,Orazio,Huot,ohuotc7@arizona.edu
441,Marilee,Missenden,mmissendenc8@indiegogo.com
442,Merla,Dicty,mdictyc9@bizjournals.com
443,Leodora,Beentjes,lbeentjesca@unicef.org
444,Sully,Huckerbe,shuckerbecb@squidoo.com
445,Osborne,Wedon,owedoncc@microsoft.com
446,Sigismundo,Hukin,shukincd@columbia.edu
447,Brnaba,Serrels,bserrelsce@youku.com
448,Kariotta,Laba,klabacf@seesaa.net
449,Tomi,Dunthorn,tdunthorncg@unc.edu
450,Paulina,Malenfant,pmalenfantch@opensource.org
451,Sean,Jeanequin,sjeanequinci@sitemeter.com
452,Gerek,Ramsay,gramsaycj@twitpic.com
453,Simone,Brelsford,sbrelsfordck@issuu.com
454,Keane,Measey,kmeaseycl@1688.com
455,Maryjo,Lardner,mlardnercm@163.com
456,Tod,Leaf,tleafcn@tripadvisor.com
457,Demetris,Merriment,dmerrimentco@addthis.com
458,Luella,Mc Ilory,lmcilorycp@toplist.cz
459,Lacie,Giovannacc@i,lgiovannaccicq@multiply.com
460,Marius,Shadbolt,mshadboltcr@themeforest.net
461,Krysta,Guerre,kguerrecs@domainmarket.com
462,Caesar,Rayburn,crayburnct@github.io
463,Ricki,Charnock,rcharnockcu@imdb.com
464,Wilie,Diddams,wdiddamscv@blogs.com
465,Wallie,Cloughton,wcloughtoncw@harvard.edu
466,Thornie,Venn,tvenncx@mit.edu
467,Koral,Scorah,kscorahcy@t.co
468,Arney,Harris,aharriscz@omniture.com
469,Heinrik,Kimberley,hkimberleyd0@wufoo.com
470,Rosaleen,Greggor,rgreggord1@google.es
471,Josey,Blonfield,jblonfieldd2@washington.edu
472,Ambrose,Duffrie,aduffried3@geocities.jp
473,Ally,Renals,arenalsd4@skype.com
474,Roxine,Meeland,rmeelandd5@gnu.org
475,Salem,Benson,sbensond6@eepurl.com
476,Manfred,Baford,mbafordd7@un.org
477,Elwyn,Dominico,edominicod8@is.gd
478,Timothee,Itzkovwitch,titzkovwitchd9@foxnews.com
479,Findlay,Spurling,fspurlingda@macromedia.com
480,Tami,Tasseler,ttasselerdb@fema.gov
481,Tabbitha,Gregersen,tgregersendc@sina.com.cn
482,Jobyna,McOrkill,jmcorkilldd@prlog.org
483,Horatia,Oneill,honeillde@nationalgeographic.com
484,Dollie,Moyce,dmoycedf@list-manage.com
485,Carmella,Philip,cphilipdg@wikia.com
486,Suzanne,Cragg,scraggdh@lulu.com
487,Morse,Whitnell,mwhitnelldi@deviantart.com
488,Drake,Tidman,dtidmandj@usa.gov
489,Mark,Gow,mgowdk@unicef.org
490,Karel,Piolli,kpiollidl@sciencedaily.com
491,Cecilio,Adamczewski,cadamczewskidm@histats.com
492,Lavina,Lambe,llambedn@sun.com
493,Raimundo,Blanking,rblankingdo@pinterest.com
494,Holly,Midgley,hmidgleydp@squarespace.com
495,Missy,McKelvey,mmckelveydq@indiegogo.com
496,Rodie,Shaudfurth,rshaudfurthdr@amazon.co.jp
497,Nels,Ockenden,nockendends@parallels.com
498,Chas,Woolcocks,cwoolcocksdt@prlog.org
499,Corney,Claricoats,cclaricoatsdu@ed.gov
500,Aile,Ziehms,aziehmsdv@facebook.com
501,Marketa,Truswell,mtruswelldw@booking.com
502,Alberto,Josilevich,ajosilevichdx@huffingtonpost.com
503,Ursula,Bosch,uboschdy@wiley.com
504,Yves,Milborn,ymilborndz@independent.co.uk
505,Artie,Eldrid,aeldride0@4shared.com
506,Sib,Knee,skneee1@prlog.org
507,Junina,Cosser,jcossere2@epa.gov
508,Phillipp,Petyanin,ppetyanine3@skyrock.com
509,Louella,Fellows,lfellowse4@pcworld.com
510,Jase,Lukash,jlukashe5@hp.com
511,Barney,Ping,bpinge6@jalbum.net
512,Doralynn,Morales,dmoralese7@friendfeed.com
513,Mordy,Payn,mpayne8@facebook.com
514,Anson,Epdell,aepdelle9@google.com.au
515,Christean,Zanini,czaniniea@unblog.fr
516,Hilario,Boyett,hboyetteb@apache.org
517,Neddie,Vasichev,nvasichevec@amazonaws.com
518,Carry,Aves,cavesed@ocn.ne.jp
519,Marnie,Schurcke,mschurckeee@jimdo.com
520,Roselin,Doud,rdoudef@devhub.com
521,Cordelie,Isenor,cisenoreg@freewebs.com
522,Townsend,Paolillo,tpaolilloeh@phoca.cz
523,Ray,McGenn,rmcgennei@sakura.ne.jp
524,Jessalyn,Ipsgrave,jipsgraveej@webmd.com
525,Ariel,Sugden,asugdenek@auda.org.au
526,Matthiew,Harral,mharralel@jugem.jp
527,Datha,Lardeur,dlardeurem@netvibes.com
528,Verine,Mc Menamin,vmcmenaminen@mapy.cz
529,Edna,Warrender,ewarrendereo@tmall.com
530,Hartwell,Gouldie,hgouldieep@e-recht24.de
531,Bink,Waltho,bwalthoeq@google.nl
532,Paten,Eyckelbeck,peyckelbecker@tmall.com
533,Conrade,Farrimond,cfarrimondes@ow.ly
534,Beverie,Iczokvitz,biczokvitzet@theglobeandmail.com
535,Jake,Liccardi,jliccardieu@opensource.org
536,Hanna,Grissett,hgrissettev@dedecms.com
537,Keen,Shemmans,kshemmansew@booking.com
538,Joe,Brogan,jbroganex@github.io
539,Welbie,Harsum,wharsumey@cmu.edu
540,Ingunna,Carlon,icarlonez@flickr.com
541,Dannye,Armytage,darmytagef0@europa.eu
542,Wilfred,Quernel,wquernelf1@feedburner.com
543,Trixie,Schulz,tschulzf2@nature.com
544,Erina,Ventam,eventamf3@phoca.cz
545,Florentia,Colpus,fcolpusf4@cbslocal.com
546,Evangelina,Assender,eassenderf5@bigcartel.com
547,Aida,Wyard,awyardf6@narod.ru
548,Dulcea,Guthrum,dguthrumf7@comsenz.com
549,Celie,Paulsen,cpaulsenf8@imdb.com
550,Levin,Crosson,lcrossonf9@hugedomains.com
551,Atalanta,Riditch,ariditchfa@goo.gl
552,Alister,Effnert,aeffnertfb@wp.com
553,Gusty,Buckett,gbuckettfc@shareasale.com
554,Nanci,Bissell,nbissellfd@slate.com
555,Witty,Matijevic,wmatijevicfe@woothemes.com
556,Butch,Thrussell,bthrussellff@thetimes.co.uk
557,Joey,Bene,jbenefg@woothemes.com
558,Benoite,Lacasa,blacasafh@businessinsider.com
559,Terry,Madill,tmadillfi@sfgate.com
560,Bernie,Emig,bemigfj@purevolume.com
561,Leah,Hallin,lhallinfk@cdbaby.com
562,Lisabeth,Jozefowicz,ljozefowiczfl@cnn.com
563,Imelda,Vanyushkin,ivanyushkinfm@squidoo.com
564,Tanitansy,Blakiston,tblakistonfn@foxnews.com
565,Ford,MacBey,fmacbeyfo@weebly.com
566,Benedicta,Bosdet,bbosdetfp@symantec.com
567,Freda,Bladen,fbladenfq@t.co
568,Kerr,Ashingden,kashingdenfr@oracle.com
569,Ethelyn,Thewles,ethewlesfs@fc2.com
570,Brandie,McIllrick,bmcillrickft@howstuffworks.com
571,Brok,Fairholm,bfairholmfu@nytimes.com
572,Abbie,Kerbler,akerblerfv@bluehost.com
573,Conni,Speerman,cspeermanfw@slideshare.net
574,Hirsch,Roxbrough,hroxbroughfx@moonfruit.com
575,Heloise,Davern,hdavernfy@wired.com
576,Jaynell,Rosbrough,jrosbroughfz@yellowbook.com
577,Quill,Martinelli,qmartinellig0@statcounter.com
578,Fifine,Satcher,fsatcherg1@youku.com
579,Chilton,Janaszkiewicz,cjanaszkiewiczg2@google.pl
580,Marcy,Sneesbie,msneesbieg3@craigslist.org
581,Kelley,Tomsen,ktomseng4@youtube.com
582,Marleen,Edgson,medgsong5@forbes.com
583,Leola,Cecere,lcecereg6@cisco.com
584,Mathew,Tromans,mtromansg7@upenn.edu
585,Packston,Gaythor,pgaythorg8@t.co
586,Zacharias,Norbury,znorburyg9@t.co
587,Jacobo,Simonnot,jsimonnotga@un.org
588,Dorelia,Rosengren,drosengrengb@mozilla.org
589,Dwight,Polino,dpolinogc@ning.com
590,Tomi,Corthes,tcorthesgd@google.cn
591,Bernarr,Critoph,bcritophge@google.pl
592,Eldon,Barenski,ebarenskigf@moonfruit.com
593,Olive,Vanderson,ovandersongg@digg.com
594,Quinn,Mollatt,qmollattgh@epa.gov
595,Osmund,Cuttings,ocuttingsgi@prnewswire.com
596,Kelcy,Dixey,kdixeygj@addthis.com
597,Allys,Casbourne,acasbournegk@mozilla.com
598,Staci,Faircloth,sfairclothgl@dion.ne.jp
599,Martica,Welburn,mwelburngm@instagram.com
600,Valerie,Varran,vvarrangn@jimdo.com
601,Hilda,McCaighey,hmccaigheygo@jalbum.net
602,Edwin,Pieroni,epieronigp@jigsy.com
603,Maighdiln,Pitway,mpitwaygq@ftc.gov
604,Sonni,Shellard,sshellardgr@nih.gov
605,Flory,Petrussi,fpetrussigs@topsy.com
606,Briano,Pawley,bpawleygt@newyorker.com
607,Hadria,Roycroft,hroycroftgu@unesco.org
608,Jana,Bastistini,jbastistinigv@nydailynews.com
609,Parsifal,Surguine,psurguinegw@hao123.com
610,Desi,Gauden,dgaudengx@google.co.jp
611,Hogan,Bassilashvili,hbassilashviligy@clickbank.net
612,Ariel,Gianettini,agianettinigz@gizmodo.com
613,Louisa,Vassbender,lvassbenderh0@pcworld.com
614,Catlee,Zannutti,czannuttih1@mtv.com
615,Marysa,Casper,mcasperh2@weebly.com
616,Mona,Bradnam,mbradnamh3@imdb.com
617,Thalia,Varley,tvarleyh4@prnewswire.com
618,Marchall,Grancher,mgrancherh5@diigo.com
619,Tressa,Tukesby,ttukesbyh6@netscape.com
620,Liuka,Connerry,lconnerryh7@nhs.uk
621,Elizabeth,Leggin,elegginh8@ucoz.ru
622,Cher,Saunier,csaunierh9@icq.com
623,Vevay,Giuron,vgiuronha@tumblr.com
624,Gram,Vanderplas,gvanderplashb@google.nl
625,Odelle,Craigs,ocraigshc@amazonaws.com
626,Ivy,Cruttenden,icruttendenhd@skype.com
627,Hamil,Pittam,hpittamhe@chronoengine.com
628,Eden,Trevaskiss,etrevaskisshf@businessweek.com
629,Margaretta,Trayhorn,mtrayhornhg@utexas.edu
630,Briano,Chaffyn,bchaffynhh@cargocollective.com
631,Allie,Bunford,abunfordhi@ovh.net
632,Charlot,Kenealy,ckenealyhj@bloglovin.com
633,Giralda,Barkway,gbarkwayhk@t-online.de
634,Vitia,Kubasiewicz,vkubasiewiczhl@youku.com
635,Donny,O'Breen,dobreenhm@sourceforge.net
636,Tierney,Skeen,tskeenhn@discuz.net
637,Bambi,Hansley,bhansleyho@ning.com
638,Bentley,Wadeson,bwadesonhp@is.gd
639,Neala,Marte,nmartehq@bloglines.com
640,Henrietta,Dyerson,hdyersonhr@jiathis.com
641,Fred,Abramin,fabraminhs@who.int
642,Alleen,Cropton,acroptonht@delicious.com
643,Ladonna,Raubenheim,lraubenheimhu@blogspot.com
644,Eydie,Timmes,etimmeshv@thetimes.co.uk
645,Normy,Flaune,nflaunehw@freewebs.com
646,Ariella,Cuncarr,acuncarrhx@webmd.com
647,Brianna,McCudden,bmccuddenhy@cisco.com
648,Rahal,Pedersen,rpedersenhz@stanford.edu
649,Margaretha,Myring,mmyringi0@behance.net
650,Maribeth,Duplain,mduplaini1@jigsy.com
651,Teador,Fusco,tfuscoi2@mail.ru
652,Marshal,McNay,mmcnayi3@bluehost.com
653,Ardene,Corlett,acorletti4@tumblr.com
654,Butch,Yushmanov,byushmanovi5@nature.com
655,Penny,Cocher,pcocheri6@blogspot.com
656,Linda,Dreamer,ldreameri7@acquirethisname.com
657,Marci,Robart,mrobarti8@google.es
658,Elspeth,Weekland,eweeklandi9@hhs.gov
659,Gloria,Kaindl,gkaindlia@mail.ru
660,Patsy,Koba,pkobaib@prnewswire.com
661,Shalne,Klishin,sklishinic@sun.com
662,Inga,Amber,iamberid@home.pl
663,Corilla,Dranfield,cdranfieldie@addtoany.com
664,Aluin,Tearney,atearneyif@indiatimes.com
665,Anestassia,Shury,ashuryig@admin.ch
666,Ursola,Champagne,uchampagneih@wordpress.com
667,Arman,Arunowicz,aarunowiczii@addthis.com
668,Ches,Brickell,cbrickellij@mlb.com
669,Lurleen,Moverley,lmoverleyik@admin.ch
670,Jessie,Udey,judeyil@java.com
671,Collete,Taylot,ctaylotim@bing.com
672,Nevil,Minghetti,nminghettiin@ehow.com
673,Miguela,Heberden,mheberdenio@dailymail.co.uk
674,Lenore,Treace,ltreaceip@springer.com
675,Chester,Maylard,cmaylardiq@yale.edu
676,Derril,Southworth,dsouthworthir@fastcompany.com
677,Adolph,Bernocchi,abernocchiis@hp.com
678,Kendre,Drinkwater,kdrinkwaterit@theglobeandmail.com
679,Frasier,Haggas,fhaggasiu@unesco.org
680,Winny,Hearnshaw,whearnshawiv@foxnews.com
681,Gilbert,Dabner,gdabneriw@gmpg.org
682,Gusella,Flaonier,gflaonierix@deviantart.com
683,Carolan,Itzkovich,citzkovichiy@discovery.com
684,Bibi,Tal,btaliz@ucoz.com
685,Faina,Czaple,fczaplej0@bbc.co.uk
686,Erich,Paumier,epaumierj1@ucoz.ru
687,Roshelle,Mathiassen,rmathiassenj2@ebay.co.uk
688,Hirsch,Liven,hlivenj3@tamu.edu
689,Fae,Vowels,fvowelsj4@nyu.edu
690,Lizabeth,Michel,lmichelj5@telegraph.co.uk
691,Delainey,Clemonts,dclemontsj6@ucsd.edu
692,Hildegaard,Peeke-Vout,hpeekevoutj7@washingtonpost.com
693,Randy,Eastgate,reastgatej8@bigcartel.com
694,Viva,Harses,vharsesj9@domainmarket.com
695,Nerissa,Bruneau,nbruneauja@examiner.com
696,Wit,Broster,wbrosterjb@digg.com
697,Nikolaos,Mann,nmannjc@vinaora.com
698,Cedric,Oloshkin,coloshkinjd@msu.edu
699,Kristan,Tomaini,ktomainije@taobao.com
700,Brad,Gheraldi,bgheraldijf@pcworld.com
701,Cyrill,Calabry,ccalabryjg@prweb.com
702,Gwendolin,Drivers,gdriversjh@shareasale.com
703,Andrei,Prantoni,aprantoniji@shop-pro.jp
704,Frankie,Meldrum,fmeldrumjj@theatlantic.com
705,Sherill,Warkup,swarkupjk@github.io
706,Ado,Piddocke,apiddockejl@gravatar.com
707,Jehanna,Gridon,jgridonjm@myspace.com
708,Dacie,Jerson,djersonjn@moonfruit.com
709,Bastien,Matusiak,bmatusiakjo@artisteer.com
710,Mirabelle,Evason,mevasonjp@gov.uk
711,Virginie,Gerger,vgergerjq@biglobe.ne.jp
712,Eden,Mundy,emundyjr@sphinn.com
713,Nariko,Riccetti,nriccettijs@mozilla.org
714,Shaun,Sarfati,ssarfatijt@php.net
715,Russell,Kleint,rkleintju@seattletimes.com
716,Faina,Pavelka,fpavelkajv@shinystat.com
717,Valentina,Birkinshaw,vbirkinshawjw@macromedia.com
718,Paten,Stockey,pstockeyjx@theatlantic.com
719,Seymour,Pennington,spenningtonjy@imgur.com
720,Deb,Treweela,dtreweelajz@nba.com
721,Randa,Coopland,rcooplandk0@ucoz.com
722,Salomon,McCamish,smccamishk1@hexun.com
723,Osborne,Wainman,owainmank2@biglobe.ne.jp
724,Bell,Holborn,bholbornk3@ibm.com
725,Olivier,Chupin,ochupink4@tinyurl.com
726,Pamela,Crippill,pcrippillk5@jimdo.com
727,Appolonia,Lages,alagesk6@disqus.com
728,Gizela,Martlew,gmartlewk7@clickbank.net
729,Finlay,Drexel,fdrexelk8@yellowpages.com
730,Kora,Shillan,kshillank9@sakura.ne.jp
731,Xymenes,Vause,xvauseka@naver.com
732,Kizzie,Switsur,kswitsurkb@imgur.com
733,Germain,Crowter,gcrowterkc@storify.com
734,Savina,Ortsmann,sortsmannkd@google.cn
735,Sydelle,Mustard,smustardke@ebay.co.uk
736,Harrietta,Hempel,hhempelkf@answers.com
737,Kyle,Mc Ilory,kmcilorykg@zdnet.com
738,Zarla,Gosling,zgoslingkh@fotki.com
739,Jedediah,Varndell,jvarndellki@mapy.cz
740,Chrysler,Lowder,clowderkj@washington.edu
741,Eli,Eudall,eeudallkk@goo.gl
742,Agnella,Napleton,anapletonkl@jigsy.com
743,Chrissy,Silcocks,csilcockskm@salon.com
744,Hunfredo,Chiswell,hchiswellkn@intel.com
745,Kipper,Waeland,kwaelandko@weather.com
746,Olwen,Atlay,oatlaykp@phpbb.com
747,Raffaello,Arpur,rarpurkq@goodreads.com
748,Nichol,Salzen,nsalzenkr@tinyurl.com
749,Bess,Girth,bgirthks@fotki.com
750,Denys,Stowers,dstowerskt@issuu.com
751,Glenn,Manners,gmannersku@nationalgeographic.com
752,Bettina,Colvin,bcolvinkv@technorati.com
753,Taylor,Demanche,tdemanchekw@nbcnews.com
754,Weidar,Wattisham,wwattishamkx@surveymonkey.com
755,Shanie,Greenhouse,sgreenhouseky@businesswire.com
756,Doroteya,MacRierie,dmacrieriekz@arizona.edu
757,Rudie,Nelmes,rnelmesl0@oracle.com
758,Smitty,Ruppel,sruppell1@umich.edu
759,Christan,Perello,cperellol2@cpanel.net
760,Daria,Bessent,dbessentl3@statcounter.com
761,Lawton,Pendleton,lpendletonl4@newyorker.com
762,Pierce,Glaves,pglavesl5@berkeley.edu
763,Buddie,Hynd,bhyndl6@census.gov
764,Gallard,Braham,gbrahaml7@tinypic.com
765,Sibylle,Potten,spottenl8@freewebs.com
766,Adan,Danielkiewicz,adanielkiewiczl9@guardian.co.uk
767,Marin,Wraggs,mwraggsla@diigo.com
768,Malorie,Serchwell,mserchwelllb@nationalgeographic.com
769,Maximo,Chesley,mchesleylc@twitter.com
770,Bertrand,Frazier,bfrazierld@histats.com
771,Jourdain,Twopenny,jtwopennyle@barnesandnoble.com
772,Maryjane,Mallion,mmallionlf@smugmug.com
773,Brandice,Bloxsome,bbloxsomelg@goodreads.com
774,Tobe,Coping,tcopinglh@prnewswire.com
775,Igor,Wathan,iwathanli@intel.com
776,Peirce,Tabbernor,ptabbernorlj@bing.com
777,Dicky,Hinchon,dhinchonlk@noaa.gov
778,Linzy,Collomosse,lcollomossell@ca.gov
779,Deena,Ikin,dikinlm@si.edu
780,Jammal,Haglington,jhaglingtonln@illinois.edu
781,Dodi,Perrone,dperronelo@shareasale.com
782,Gery,Schirok,gschiroklp@kickstarter.com
783,Eduino,Yerborn,eyerbornlq@bandcamp.com
784,Danila,Hariot,dhariotlr@bigcartel.com
785,Kissie,Hallgalley,khallgalleyls@bluehost.com
786,Alethea,Setchell,asetchelllt@nifty.com
787,Myrta,Allender,mallenderlu@newyorker.com
788,Lutero,Yeiles,lyeileslv@go.com
789,Sid,Feifer,sfeiferlw@princeton.edu
790,Benni,Holley,bholleylx@spiegel.de
791,Joletta,Revell,jrevellly@reverbnation.com
792,Esteban,Kalinke,ekalinkelz@epa.gov
793,Ange,Milch,amilchm0@apple.com
794,Nerty,Burd,nburdm1@mapy.cz
795,Bryant,Akers,bakersm2@cdbaby.com
796,Norean,Gilhouley,ngilhouleym3@ihg.com
797,Walsh,Evitt,wevittm4@dion.ne.jp
798,Danette,Eldin,deldinm5@smugmug.com
799,Niall,Paulmann,npaulmannm6@newyorker.com
800,Gleda,Janous,gjanousm7@bing.com
801,Karmen,Cristofanini,kcristofaninim8@macromedia.com
802,Bill,Dafydd,bdafyddm9@behance.net
803,Mic,Grafton,mgraftonma@businessweek.com
804,Melonie,Lionel,mlionelmb@example.com
805,Jonas,Filoniere,jfilonieremc@seattletimes.com
806,Gerry,Geffe,ggeffemd@instagram.com
807,Crissie,Allin,callinme@washington.edu
808,Griffith,Giovani,ggiovanimf@xrea.com
809,Chancey,Hessay,chessaymg@biblegateway.com
810,Stevana,Lillee,slilleemh@smh.com.au
811,Denver,Fessions,dfessionsmi@unblog.fr
812,Cher,Cassely,ccasselymj@about.com
813,Seymour,Ebhardt,sebhardtmk@xinhuanet.com
814,Giffard,Fidge,gfidgeml@ovh.net
815,Joyous,Skittrell,jskittrellmm@jimdo.com
816,Udall,Hebburn,uhebburnmn@clickbank.net
817,Pippy,Vanstone,pvanstonemo@prweb.com
818,Hugibert,Connar,hconnarmp@twitter.com
819,Mendy,Kubis,mkubismq@linkedin.com
820,Elysee,Craven,ecravenmr@mtv.com
821,Laurena,O'Scollain,loscollainms@flickr.com
822,Isabeau,Whorf,iwhorfmt@networksolutions.com
823,Laurence,Janson,ljansonmu@aboutads.info
824,Veronique,Landal,vlandalmv@shareasale.com
825,Freddie,Joutapaitis,fjoutapaitismw@wordpress.com
826,Julian,Skillings,jskillingsmx@state.tx.us
827,Kane,Storre,kstorremy@ft.com
828,Hope,Annesley,hannesleymz@mtv.com
829,Xever,Tomlinson,xtomlinsonn0@ftc.gov
830,Spike,Shipperbottom,sshipperbottomn1@npr.org
831,Kirsten,Voaden,kvoadenn2@nih.gov
832,Deb,Grabban,dgrabbann3@rediff.com
833,Vin,Scallon,vscallonn4@soundcloud.com
834,Cristiano,Cutting,ccuttingn5@vimeo.com
835,Kassandra,Ulster,kulstern6@ox.ac.uk
836,Benjamin,Coade,bcoaden7@pinterest.com
837,Laraine,Raysdale,lraysdalen8@ucoz.com
838,Mattie,Haken,mhakenn9@last.fm
839,Winnie,Rollett,wrollettna@sphinn.com
840,Wilfred,Veitch,wveitchnb@ovh.net
841,Doralynne,Ollcott,dollcottnc@feedburner.com
842,Laryssa,Colnet,lcolnetnd@discovery.com
843,Joline,Gainfort,jgainfortne@businesswire.com
844,Ajay,Polfer,apolfernf@miibeian.gov.cn
845,Gilberta,Scrase,gscraseng@de.vu
846,Dorette,Cawtheray,dcawtheraynh@wikipedia.org
847,Earvin,Danielou,edanielouni@phoca.cz
848,Gipsy,Crann,gcrannnj@oracle.com
849,Jacobo,Jagiela,jjagielank@smh.com.au
850,Jillayne,Baish,jbaishnl@mail.ru
851,Giovanna,Ollcott,gollcottnm@biblegateway.com
852,Shandie,Skewis,sskewisnn@51.la
853,Wallache,Antony,wantonyno@ucla.edu
854,Ellary,Gask,egasknp@topsy.com
855,Charlean,Haslehurst,chaslehurstnq@ted.com
856,Lance,Hovy,lhovynr@posterous.com
857,Ethan,McCrae,emccraens@europa.eu
858,Nerti,Scrivner,nscrivnernt@mit.edu
859,Dino,Sargeant,dsargeantnu@moonfruit.com
860,Faustina,Halliberton,fhallibertonnv@slideshare.net
861,Stillmann,Kropach,skropachnw@pen.io
862,Nikkie,Chattelaine,nchattelainenx@dropbox.com
863,Raine,Hulson,rhulsonny@example.com
864,Keane,More,kmorenz@newyorker.com
865,Erastus,Bellison,ebellisono0@cafepress.com
866,Clark,Gosenell,cgosenello1@bbb.org
867,Ebonee,Mostin,emostino2@buzzfeed.com
868,Kriste,Whitchurch,kwhitchurcho3@usnews.com
869,Jandy,Scurrah,jscurraho4@fema.gov
870,Wilmar,Swiggs,wswiggso5@washingtonpost.com
871,Annabelle,Arnowicz,aarnowiczo6@cnbc.com
872,Kennie,Beddall,kbeddallo7@weebly.com
873,Licha,Davie,ldavieo8@salon.com
874,Jimmie,Skarman,jskarmano9@bloglines.com
875,Benjie,Paute,bpauteoa@amazon.de
876,Britte,Winwood,bwinwoodob@psu.edu
877,Rodolph,Cratere,rcratereoc@google.com.br
878,Doretta,McAtamney,dmcatamneyod@posterous.com
879,Garnet,Addlestone,gaddlestoneoe@walmart.com
880,Isabelle,Le Noir,ilenoirof@blogtalkradio.com
881,Gerome,Guillart,gguillartog@privacy.gov.au
882,Alfi,Parlour,aparlouroh@livejournal.com
883,Rooney,Ethridge,rethridgeoi@yale.edu
884,Hedi,Tewkesberrie,htewkesberrieoj@nsw.gov.au
885,Jillian,Darragon,jdarragonok@de.vu
886,Red,MacKim,rmackimol@ftc.gov
887,Sanderson,Sellens,ssellensom@usatoday.com
888,Harold,Ailmer,hailmeron@java.com
889,Zondra,Scholling,zschollingoo@usnews.com
890,Amandy,Chaimson,achaimsonop@dagondesign.com
891,Merilee,Jarman,mjarmanoq@technorati.com
892,Koo,Sheeres,ksheeresor@sogou.com
893,Israel,Gilmore,igilmoreos@google.de
894,Olivero,Martinec,omartinecot@jalbum.net
895,Alaine,Hugk,ahugkou@pinterest.com
896,Penn,Gudgion,pgudgionov@cnbc.com
897,Ginnie,Mulholland,gmulhollandow@geocities.jp
898,Claretta,Regan,creganox@google.es
899,Ilario,Sheirlaw,isheirlawoy@netscape.com
900,Gayle,Mathiassen,gmathiassenoz@wikimedia.org
901,Court,Tenby,ctenbyp0@ucsd.edu
902,Zola,O'Shavlan,zoshavlanp1@slate.com
903,Theodosia,Reynolds,treynoldsp2@netlog.com
904,Thorny,Rusted,trustedp3@redcross.org
905,Polly,Blinco,pblincop4@wikipedia.org
906,Marlo,Ferier,mferierp5@phoca.cz
907,Leah,Chislett,lchislettp6@t-online.de
908,Esmeralda,Taylot,etaylotp7@baidu.com
909,Brier,Loseby,blosebyp8@blinklist.com
910,Arabel,McGillecole,amcgillecolep9@mit.edu
911,Barris,Van Rembrandt,bvanrembrandtpa@hc360.com
912,Cally,Aggio,caggiopb@angelfire.com
913,Hadleigh,De Maine,hdemainepc@google.co.uk
914,Boone,Syne,bsynepd@scribd.com
915,Dolley,Castagnaro,dcastagnarope@bing.com
916,Selby,Welds,sweldspf@forbes.com
917,Sherman,McCooke,smccookepg@businessinsider.com
918,Wash,Caldron,wcaldronph@statcounter.com
919,Pauline,Divall,pdivallpi@creativecommons.org
920,Merrill,Juszkiewicz,mjuszkiewiczpj@ftc.gov
921,Sybille,Deniseau,sdeniseaupk@accuweather.com
922,Trudey,Schanke,tschankepl@1688.com
923,Lucius,Grzegorek,lgrzegorekpm@discovery.com
924,Nadine,Showler,nshowlerpn@scribd.com
925,Modesta,Lilloe,mlilloepo@webmd.com
926,Beniamino,Dillingham,bdillinghampp@illinois.edu
927,Cherye,Drayn,cdraynpq@geocities.com
928,Annabel,Whitton,awhittonpr@elegantthemes.com
929,Gill,Barnaclough,gbarnacloughps@blog.com
930,Gabie,Gemson,ggemsonpt@123-reg.co.uk
931,Eddy,Vickers,evickerspu@printfriendly.com
932,Mitzi,Cutteridge,mcutteridgepv@t-online.de
933,Van,Poluzzi,vpoluzzipw@moonfruit.com
934,Dag,Dymidowski,ddymidowskipx@amazon.co.jp
935,Madelaine,Sutherington,msutheringtonpy@mtv.com
936,Trula,Chessil,tchessilpz@cyberchimps.com
937,Annora,Carress,acarressq0@desdev.cn
938,Ingelbert,Goodricke,igoodrickeq1@sciencedaily.com
939,Hayley,Embury,hemburyq2@weibo.com
940,Lona,Bishell,lbishellq3@feedburner.com
941,Terry,Bleaden,tbleadenq4@tripadvisor.com
942,Jaine,Dohr,jdohrq5@msu.edu
943,Reynold,Redan,rredanq6@4shared.com
944,Priscella,McEwen,pmcewenq7@prweb.com
945,Eleanore,Willans,ewillansq8@google.es
946,Mildred,Hilldrup,mhilldrupq9@addthis.com
947,Regan,Mazdon,rmazdonqa@gov.uk
948,Elberta,Crennan,ecrennanqb@japanpost.jp
949,Nye,Walster,nwalsterqc@infoseek.co.jp
950,William,Scholer,wscholerqd@php.net
951,Karel,Byrom,kbyromqe@netscape.com
952,Crystie,Aronovich,caronovichqf@youtube.com
953,Ransom,Togher,rtogherqg@goo.gl
954,Prisca,Massot,pmassotqh@un.org
955,Anstice,Stansbury,astansburyqi@intel.com
956,Dacy,Leonard,dleonardqj@usatoday.com
957,Darcy,Leaman,dleamanqk@omniture.com
958,Ulrick,Tumilty,utumiltyql@washingtonpost.com
959,Arv,Bourke,abourkeqm@cbslocal.com
960,Dalton,Ribeiro,dribeiroqn@toplist.cz
961,Robert,Bonhomme,rbonhommeqo@trellian.com
962,Alva,Gildea,agildeaqp@hc360.com
963,Mel,Treagust,mtreagustqq@fastcompany.com
964,Linus,Langtree,llangtreeqr@hugedomains.com
965,Sherie,Stoltz,sstoltzqs@e-recht24.de
966,Gael,Biggar,gbiggarqt@blogtalkradio.com
967,Katie,Suddock,ksuddockqu@cocolog-nifty.com
968,Rodolphe,Vaudrey,rvaudreyqv@google.nl
969,Lisbeth,Killough,lkilloughqw@hp.com
970,Vasilis,Gummow,vgummowqx@phoca.cz
971,Guglielmo,Etchingham,getchinghamqy@scribd.com
972,Binnie,Kilfether,bkilfetherqz@wired.com
973,Farr,Hedworth,fhedworthr0@opera.com
974,Eugenius,Baudet,ebaudetr1@gravatar.com
975,Stinky,Lucia,sluciar2@4shared.com
976,Noellyn,McCullock,nmccullockr3@alibaba.com
977,Tore,Dornin,tdorninr4@4shared.com
978,Adrea,Reskelly,areskellyr5@vimeo.com
979,Shayla,Van Der Weedenburg,svanderweedenburgr6@deviantart.com
980,Marysa,Ivel,mivelr7@washington.edu
981,Emmy,Fenning,efenningr8@twitpic.com
982,Fonz,Rapkins,frapkinsr9@pen.io
983,Gerardo,Menlow,gmenlowra@marketwatch.com
984,Angeli,McIndrew,amcindrewrb@cnet.com
985,Tomlin,Storrock,tstorrockrc@google.de
986,Lily,Quantrell,lquantrellrd@google.es
987,Gabbey,Pays,gpaysre@hibu.com
988,Augusto,Izzett,aizzettrf@archive.org
989,Glory,Guthrum,gguthrumrg@php.net
990,Jennee,Oakeshott,joakeshottrh@ftc.gov
991,Hillel,Callery,hcalleryri@live.com
992,Gregory,Statersfield,gstatersfieldrj@ameblo.jp
993,Madella,Poacher,mpoacherrk@wikispaces.com
994,Mycah,Endacott,mendacottrl@independent.co.uk
995,Faina,Black,fblackrm@sbwire.com
996,Bradan,Errichi,berrichirn@netscape.com
997,Erinn,Mapledoram,emapledoramro@ucsd.edu
998,Marj,Elia,meliarp@psu.edu
999,Julita,Wagg,jwaggrq@goodreads.com
1000,Dale,Creese,dcreeserr@dell.com
